city,cityid,cloudiness,country,date_time,humidity,lat,lon,max_temp,temp,wind
lavrentiya,4031637.0,0.0,RU,1607567791.0,87.0,65.58,-171.0,-13.02,-13.02,3.4
antalaha,1071296.0,23.0,MG,1607567791.0,79.0,-14.9,50.28,24.1,24.1,1.83
torbay,6167817.0,90.0,CA,1607567519.0,93.0,47.67,-52.73,3.33,2.56,9.3
kapit,1737185.0,80.0,MY,1607567792.0,66.0,2.02,112.93,30.55,30.55,1.52
luderitz,3355672.0,74.0,NA,1607567792.0,88.0,-26.65,15.16,14.92,14.92,4.02
ilulissat,3423146.0,98.0,GL,1607567792.0,44.0,69.22,-51.1,-7.0,-7.0,3.6
portland,5746545.0,20.0,US,1607567778.0,87.0,45.52,-122.68,7.22,6.03,0.49
lahaina,5849996.0,40.0,US,1607567793.0,100.0,20.88,-156.68,30.0,25.7,4.1
busselton,2075265.0,42.0,AU,1607567793.0,9.0,-33.65,115.33,34.44,32.22,4.78
nanortalik,3421765.0,0.0,GL,1607567793.0,79.0,60.14,-45.24,-2.21,-2.21,2.37
dikson,1507390.0,2.0,RU,1607567793.0,86.0,73.51,80.55,-23.65,-23.65,1.6
kapaa,5848280.0,75.0,US,1607567794.0,74.0,22.08,-159.32,27.0,25.27,4.1
mount gambier,2156643.0,40.0,AU,1607567794.0,48.0,-37.83,140.77,18.0,18.0,8.7
saldanha,3361934.0,0.0,ZA,1607567794.0,93.0,-33.01,17.94,15.0,15.0,3.1
zhigansk,2012530.0,38.0,RU,1607567794.0,81.0,66.77,123.37,-38.77,-38.77,0.57
leshukonskoye,535839.0,12.0,RU,1607567795.0,92.0,64.9,45.76,-5.78,-5.78,4.55
bud,4255151.0,1.0,US,1607567795.0,85.0,39.45,-86.18,3.0,2.85,1.4
palmer,4946620.0,72.0,US,1607567795.0,84.0,42.16,-72.33,0.56,-0.18,0.45
vaini,4032243.0,40.0,TO,1607567795.0,78.0,-21.2,-175.2,28.0,28.0,6.7
sao mateus,3448519.0,99.0,BR,1607567795.0,89.0,-18.72,-39.86,23.31,23.31,4.1
davila,1715335.0,75.0,PH,1607567795.0,74.0,18.47,120.58,30.0,30.0,2.1
vila velha,3445026.0,90.0,BR,1607567796.0,94.0,-20.33,-40.29,23.0,23.0,1.5
gwanda,890516.0,42.0,ZW,1607567796.0,89.0,-20.93,29.0,19.36,19.36,2.35
bredasdorp,1015776.0,14.0,ZA,1607567796.0,93.0,-34.53,20.04,12.0,12.0,0.5
port alfred,964432.0,100.0,ZA,1607567796.0,83.0,-33.59,26.89,18.69,18.69,1.22
sladkovo,1491719.0,99.0,RU,1607567797.0,97.0,55.53,70.34,-9.77,-9.77,4.33
barrow,5880054.0,90.0,US,1607567740.0,70.0,71.29,-156.79,-20.0,-20.0,7.7
necochea,3430443.0,0.0,AR,1607567797.0,82.0,-38.55,-58.74,11.67,11.67,3.04
inuvik,5983607.0,93.0,CA,1607567797.0,76.0,68.35,-133.72,-21.0,-21.0,1.5
rikitea,4030556.0,76.0,PF,1607567798.0,81.0,-23.12,-134.97,25.32,25.32,6.76
albany,5106841.0,90.0,US,1607567763.0,76.0,42.6,-73.97,1.11,0.47,2.06
nikolayevka,521966.0,0.0,RU,1607567798.0,89.0,53.13,47.2,-9.81,-9.81,2.01
roszke,716028.0,100.0,HU,1607567798.0,96.0,46.19,20.03,5.56,5.36,5.51
general pico,3855075.0,0.0,AR,1607567584.0,52.0,-35.66,-63.76,24.74,24.74,5.45
nago,1856068.0,75.0,JP,1607567799.0,94.0,26.59,127.98,22.0,21.33,6.2
pedro ii,3392431.0,56.0,BR,1607567799.0,72.0,-4.42,-41.46,22.95,22.95,0.95
tilichiki,2120591.0,100.0,RU,1607567799.0,97.0,60.47,166.1,-10.23,-10.23,5.31
ribeira grande,3372707.0,100.0,PT,1607567799.0,90.0,38.52,-28.7,17.36,17.36,7.99
yumen,1528998.0,95.0,CN,1607567800.0,91.0,40.28,97.2,-6.52,-6.52,4.79
maanshan,1801620.0,90.0,CN,1607567800.0,87.0,31.7,118.5,8.89,8.46,3.0
grimshaw,5967157.0,75.0,CA,1607567800.0,68.0,56.18,-117.6,-1.0,-1.0,5.7
ballina,2177069.0,99.0,AU,1607567741.0,61.0,-28.87,153.57,29.0,27.53,9.3
jamestown,5122534.0,90.0,US,1607567722.0,100.0,42.1,-79.24,2.78,1.91,3.6
sao jose da coroa grande,3388456.0,89.0,BR,1607567801.0,80.0,-8.9,-35.15,24.7,24.7,4.05
chama,2661228.0,90.0,CH,1607567801.0,95.0,47.18,8.46,1.0,-0.5,1.0
pevek,2122090.0,6.0,RU,1607567801.0,91.0,69.7,170.31,-21.73,-21.73,2.57
yellowknife,6185377.0,90.0,CA,1607567802.0,91.0,62.46,-114.35,-16.0,-16.0,2.6
mataura,6201424.0,90.0,NZ,1607567802.0,83.0,-46.19,168.86,15.0,15.0,7.15
ushuaia,3833367.0,90.0,AR,1607567701.0,93.0,-54.8,-68.3,7.0,7.0,3.1
sao filipe,3374210.0,100.0,CV,1607567803.0,71.0,14.9,-24.5,23.78,23.78,4.69
bambous virieux,1106677.0,75.0,MU,1607567803.0,88.0,-20.34,57.76,25.0,24.47,5.1
qaanaaq,3831208.0,100.0,GL,1607567803.0,88.0,77.48,-69.36,-15.81,-15.81,1.79
tiksi,2015306.0,100.0,RU,1607567803.0,87.0,71.69,128.87,-28.94,-28.94,4.69
nabire,1634614.0,85.0,ID,1607567803.0,60.0,-3.37,135.48,30.79,30.79,2.35
bregenz,2781503.0,75.0,AT,1607567804.0,100.0,47.5,9.75,1.0,0.7,0.5
sioni,615844.0,90.0,GE,1607567804.0,100.0,41.99,45.02,1.0,1.0,0.42
bengkulu,1649150.0,50.0,ID,1607567804.0,68.0,-3.8,102.27,28.27,28.27,3.67
hilo,5855927.0,20.0,US,1607567581.0,58.0,19.73,-155.09,28.0,24.56,3.6
kodiak,5866583.0,1.0,US,1607567791.0,63.0,57.79,-152.41,-1.0,-1.0,4.6
soe,1626703.0,65.0,ID,1607567805.0,53.0,-9.86,124.28,29.95,29.95,0.89
hobart,2163355.0,20.0,AU,1607567593.0,41.0,-42.88,147.33,17.78,16.16,8.7
santa maria del oro,3984078.0,17.0,MX,1607567805.0,63.0,25.93,-105.37,13.21,13.21,2.86
buala,2109528.0,97.0,SB,1607567805.0,74.0,-8.14,159.59,29.14,29.14,2.64
georgetown,1735106.0,20.0,MY,1607567615.0,78.0,5.41,100.34,30.0,28.51,2.1
tuktoyaktuk,6170031.0,75.0,CA,1607567807.0,75.0,69.45,-133.04,-28.0,-28.0,2.1
malinovoye ozero,1499779.0,100.0,RU,1607567807.0,94.0,51.68,79.78,-16.55,-16.55,2.58
kurayoshi,1858301.0,75.0,JP,1607567808.0,58.0,35.43,133.82,13.0,12.07,2.6
bayangol,2027002.0,9.0,RU,1607567808.0,83.0,50.7,103.47,-23.48,-23.48,0.4
esperance,2071860.0,80.0,AU,1607567808.0,46.0,-33.87,121.9,23.0,23.0,9.3
morro bay,5374920.0,87.0,US,1607567808.0,73.0,35.37,-120.85,13.33,13.19,0.89
laguna,5364271.0,1.0,US,1607567809.0,43.0,38.42,-121.42,14.0,12.15,1.08
riyadh,108410.0,0.0,SA,1607567724.0,54.0,24.69,46.72,12.0,12.0,3.1
nevsehir,303830.0,0.0,TR,1607567809.0,85.0,38.92,34.67,2.0,2.0,6.7
eyl,60019.0,0.0,SO,1607567809.0,77.0,7.98,49.82,22.92,22.92,5.82
saint-philippe,935215.0,90.0,RE,1607567809.0,78.0,-21.36,55.77,24.0,22.05,6.7
bluff,2206939.0,49.0,NZ,1607567809.0,83.0,-46.6,168.33,15.0,15.0,7.15
sitka,5557293.0,90.0,US,1607567810.0,82.0,57.05,-135.33,3.0,3.0,2.81
hermanus,3366880.0,42.0,ZA,1607567810.0,95.0,-34.42,19.23,13.33,13.33,1.56
butaritari,2110227.0,13.0,KI,1607567810.0,77.0,3.07,172.79,27.94,27.94,4.4
paracatu,3455168.0,100.0,BR,1607567810.0,96.0,-17.22,-46.87,19.82,19.82,1.69
raudeberg,3146487.0,2.0,NO,1607567810.0,56.0,61.99,5.14,7.0,4.76,7.2
arraial do cabo,3471451.0,100.0,BR,1607567811.0,87.0,-22.97,-42.03,23.4,23.4,3.36
east london,1006984.0,99.0,ZA,1607567811.0,81.0,-33.02,27.91,20.48,20.48,4.37
clovis,5338122.0,90.0,US,1607567704.0,44.0,36.83,-119.7,15.0,14.1,3.1
longyearbyen,2729907.0,75.0,SJ,1607567811.0,74.0,78.22,15.64,-2.0,-2.0,4.6
vilhena,3924679.0,100.0,BR,1607567811.0,99.0,-12.74,-60.15,19.96,19.96,1.44
seoul,1835848.0,90.0,KR,1607567648.0,52.0,37.57,126.98,7.0,6.3,1.46
fortuna,5563839.0,43.0,US,1607567755.0,93.0,40.6,-124.16,10.0,9.63,1.55
lagos,2332453.0,20.0,NG,1607567540.0,83.0,6.58,3.75,27.0,27.0,1.5
bocholt,2947421.0,0.0,DE,1607567812.0,98.0,51.83,6.6,0.56,-0.16,2.31
nikolskoye,546105.0,0.0,RU,1607567812.0,78.0,59.7,30.79,-6.67,-7.1,4.0
airai,1651810.0,100.0,TL,1607567813.0,65.0,-8.93,125.41,24.79,24.79,1.36
tambovka,2015608.0,40.0,RU,1607567813.0,77.0,50.1,128.05,-16.0,-16.0,1.12
valparaiso,3868626.0,0.0,CL,1607567602.0,87.0,-33.04,-71.63,14.0,14.0,3.6
kutum,371745.0,0.0,SD,1607567813.0,33.0,14.2,24.67,15.08,15.08,3.65
avarua,4035715.0,0.0,CK,1607567813.0,66.0,-21.21,-159.78,29.0,29.0,5.7
vestmannaeyjar,3412093.0,100.0,IS,1607567814.0,86.0,63.44,-20.27,6.32,6.32,8.63
castro,3466704.0,88.0,BR,1607567814.0,91.0,-24.79,-50.01,14.75,14.75,1.62
tual,1623197.0,78.0,ID,1607567814.0,71.0,-5.67,132.75,29.21,29.21,3.17
maragheh,140889.0,0.0,IR,1607567815.0,80.0,37.39,46.24,-1.0,-1.0,5.1
faanui,4034551.0,100.0,PF,1607567815.0,78.0,-16.48,-151.75,26.27,26.27,7.24
maragogi,3395458.0,96.0,BR,1607567815.0,80.0,-9.01,-35.22,24.51,24.51,3.93
te anau,2181625.0,92.0,NZ,1607567815.0,53.0,-45.42,167.72,17.28,17.28,3.76
kavieng,2094342.0,100.0,PG,1607567816.0,72.0,-2.57,150.8,28.72,28.72,2.68
olinda,3393536.0,20.0,BR,1607567691.0,69.0,-8.01,-34.86,25.0,25.0,3.1
florianopolis,6323121.0,75.0,BR,1607567604.0,83.0,-27.61,-48.5,22.0,22.0,1.5
shamkhal,495893.0,20.0,RU,1607567817.0,74.0,43.06,47.34,0.0,0.0,3.0
cape town,3369157.0,0.0,ZA,1607567589.0,88.0,-33.93,18.42,17.0,15.03,3.1
punta arenas,3874787.0,99.0,CL,1607567817.0,81.0,-53.15,-70.92,10.0,10.0,1.0
portarlington,2962029.0,93.0,IE,1607567818.0,98.0,53.16,-7.19,7.22,6.87,0.45
igrim,1505965.0,89.0,RU,1607567818.0,95.0,63.19,64.42,-7.64,-7.64,2.46
toora-khem,1489401.0,100.0,RU,1607567818.0,87.0,52.47,96.11,-19.31,-19.31,0.53
camana,3945985.0,49.0,PE,1607567818.0,76.0,-16.62,-72.71,18.59,18.59,3.2
khatanga,2022572.0,47.0,RU,1607567818.0,85.0,71.97,102.5,-35.72,-35.72,0.66
kalivai,261497.0,20.0,GR,1607567819.0,93.0,35.45,24.17,11.0,11.0,4.37
puerto ayora,3652764.0,27.0,EC,1607567819.0,93.0,-0.74,-90.35,22.78,22.78,3.13
kralendijk,3513563.0,86.0,BQ,1607567819.0,78.0,12.15,-68.27,27.0,27.0,4.1
buchanan,2278158.0,75.0,LR,1607567820.0,83.0,5.88,-10.05,26.18,26.18,2.12
vardo,777019.0,100.0,NO,1607567820.0,89.0,70.37,31.11,1.22,1.22,12.59
bonthe,2409914.0,0.0,SL,1607567820.0,87.0,7.53,-12.51,26.09,26.09,2.13
rawson,3839307.0,0.0,AR,1607567820.0,64.0,-43.3,-65.1,14.84,14.84,4.99
hofn,2630299.0,100.0,IS,1607567821.0,93.0,64.25,-15.21,5.3,5.3,8.06
san andres,3670218.0,40.0,CO,1607567821.0,78.0,12.58,-81.7,27.0,27.0,7.2
achutupo,3715156.0,94.0,PA,1607567821.0,85.0,9.2,-77.98,26.17,26.17,4.98
manggar,1636426.0,100.0,ID,1607567821.0,73.0,-2.88,108.27,28.92,28.92,4.83
kingman,5301067.0,1.0,US,1607567822.0,20.0,35.19,-114.05,11.67,10.7,1.06
mahebourg,934322.0,75.0,MU,1607567822.0,88.0,-20.41,57.7,24.0,24.0,5.1
portobelo,3702577.0,89.0,PA,1607567822.0,99.0,9.55,-79.65,25.0,23.2,6.05
kwinana,2068079.0,96.0,AU,1607567822.0,29.0,-32.25,115.77,33.89,33.41,8.7
nara,1855612.0,75.0,JP,1607567823.0,58.0,34.69,135.8,13.0,12.05,0.5
constitucion,3893726.0,0.0,CL,1607567555.0,76.0,-35.33,-72.42,12.04,12.04,6.81
hasaki,2112802.0,75.0,JP,1607567823.0,100.0,35.73,140.83,8.89,8.42,6.7
komsomolskiy,1513491.0,89.0,UZ,1607567823.0,86.0,40.43,71.72,1.0,1.0,0.64
kichmengskiy gorodok,548791.0,0.0,RU,1607567824.0,88.0,59.98,45.79,-8.0,-8.0,1.75
chokurdakh,2126123.0,100.0,RU,1607567824.0,89.0,70.63,147.92,-28.3,-28.3,1.61
barra do garcas,3470709.0,96.0,BR,1607567824.0,90.0,-15.89,-52.26,22.11,22.11,0.43
lorengau,2092164.0,71.0,PG,1607567824.0,63.0,-2.02,147.27,29.99,29.99,2.16
salalah,286621.0,0.0,OM,1607567669.0,26.0,17.02,54.09,22.0,22.0,6.7
inhambane,1045114.0,0.0,MZ,1607567825.0,80.0,-23.86,35.38,21.99,21.99,2.4
lebu,3883457.0,0.0,CL,1607567825.0,84.0,-37.62,-73.65,11.99,11.99,5.08
vorozhba,688961.0,0.0,UA,1607567825.0,91.0,51.17,34.22,-6.62,-6.62,4.82
cherskiy,2126199.0,100.0,RU,1607567825.0,85.0,68.75,161.3,-19.86,-19.86,1.93
atherton,2656847.0,100.0,GB,1607567826.0,85.0,53.52,-2.49,6.11,5.77,1.79
brae,2654970.0,96.0,GB,1607567826.0,75.0,60.4,-1.35,8.0,8.0,10.3
henties bay,3356832.0,2.0,NA,1607567826.0,89.0,-22.12,14.28,17.22,17.22,0.41
saint-francois,2980080.0,90.0,FR,1607567826.0,93.0,46.42,3.91,3.89,3.42,1.5
leh,1264976.0,99.0,IN,1607567826.0,86.0,34.17,77.58,-5.23,-5.23,0.73
neuquen,3843123.0,0.0,AR,1607567826.0,56.0,-38.95,-68.06,21.0,21.0,1.62
sawakin,367544.0,46.0,SD,1607567827.0,76.0,19.11,37.33,24.37,24.37,4.93
hobyo,57000.0,8.0,SO,1607567827.0,72.0,5.35,48.53,25.09,25.09,7.27
rundu,3353383.0,96.0,NA,1607567827.0,88.0,-17.93,19.77,20.16,20.16,1.2
atuona,4020109.0,0.0,PF,1607567827.0,75.0,-9.8,-139.03,26.11,26.11,8.91
pontes e lacerda,3453060.0,100.0,BR,1607567651.0,96.0,-15.23,-59.34,22.33,22.33,0.6
norman wells,6089245.0,90.0,CA,1607567828.0,84.0,65.28,-126.83,-15.0,-15.0,3.6
bandarbeyla,64814.0,15.0,SO,1607567828.0,80.0,9.49,50.81,23.66,23.66,7.27
mnogovershinnyy,2019935.0,98.0,RU,1607567829.0,95.0,53.94,139.92,-13.25,-13.25,1.22
novopavlovka,2018896.0,98.0,RU,1607567829.0,84.0,51.22,109.21,-16.38,-16.38,6.07
mahanoro,1062553.0,93.0,MG,1607567829.0,89.0,-19.9,48.8,23.61,23.61,2.57
provideniya,4031574.0,40.0,RU,1607567829.0,71.0,64.38,-173.3,-14.0,-14.0,2.0
khani,610864.0,0.0,GE,1607567829.0,75.0,41.96,42.96,6.0,6.0,5.7
chateau-gontier,3026273.0,100.0,FR,1607567830.0,100.0,47.83,-0.7,6.67,6.24,6.2
nexo,2616504.0,51.0,DK,1607567830.0,93.0,55.06,15.13,2.0,2.0,4.1
margate,2643044.0,100.0,GB,1607567830.0,84.0,51.38,1.39,6.67,6.03,2.24
radhanpur,1259069.0,0.0,IN,1607567830.0,37.0,23.83,71.6,22.06,22.06,2.97
alofi,4036284.0,75.0,NU,1607567830.0,88.0,-19.06,-169.92,25.0,25.0,8.7
cayenne,3382160.0,90.0,GF,1607567831.0,100.0,4.93,-52.33,25.0,25.0,3.98
nemuro,2128975.0,20.0,JP,1607567831.0,44.0,43.32,145.57,5.0,5.0,6.2
ayan,2027316.0,16.0,RU,1607567831.0,84.0,56.45,138.17,-11.54,-11.54,2.97
kuandian,2036283.0,10.0,CN,1607567831.0,85.0,40.73,124.78,0.28,0.28,2.31
bethel,5282297.0,75.0,US,1607567831.0,97.0,41.37,-73.41,0.56,0.14,2.6
kungurtug,1501377.0,100.0,RU,1607567832.0,82.0,50.6,97.52,-20.12,-20.12,0.51
llanes,3118304.0,100.0,ES,1607567832.0,75.0,43.42,-4.75,15.0,14.75,11.0
kahului,5847411.0,40.0,US,1607567793.0,48.0,20.89,-156.47,30.0,26.44,4.1
jalu,86049.0,0.0,LY,1607567832.0,42.0,29.03,21.55,13.84,13.84,5.41
gat,293842.0,0.0,IL,1607567833.0,100.0,31.61,34.76,13.89,12.06,1.34
spring hill,4173838.0,1.0,US,1607567833.0,93.0,28.48,-82.53,5.0,5.0,2.12
japura,1642773.0,100.0,ID,1607567833.0,68.0,-0.32,102.35,29.55,29.55,1.63
kembe,238373.0,96.0,CF,1607567834.0,83.0,4.62,21.89,20.43,20.43,0.86
ostrovnoy,556268.0,49.0,RU,1607567835.0,95.0,68.05,39.51,-4.1,-4.1,11.64
husavik,2629833.0,90.0,IS,1607567835.0,88.0,66.04,-17.34,0.0,0.0,2.6
iqaluit,5983720.0,40.0,CA,1607567835.0,73.0,63.75,-68.51,-7.0,-7.0,3.1
kodinsk,1503037.0,99.0,RU,1607567836.0,86.0,58.69,99.18,-26.26,-26.26,1.6
otradnoye,513898.0,0.0,RU,1607567836.0,78.0,59.78,30.82,-6.67,-7.09,4.0
vilyuysk,2013392.0,42.0,RU,1607567836.0,82.0,63.76,121.62,-38.49,-38.49,1.23
xuddur,49747.0,59.0,SO,1607567836.0,73.0,4.12,43.89,20.7,20.7,7.99
jatai,3460064.0,41.0,BR,1607567836.0,80.0,-17.88,-51.71,20.95,20.95,1.8
pangnirtung,6096551.0,100.0,CA,1607567837.0,91.0,66.15,-65.71,-9.61,-9.61,1.28
manzanillo,3547867.0,19.0,CU,1607567837.0,70.0,20.34,-77.12,18.23,18.23,4.25
troitsko-pechorsk,481548.0,6.0,RU,1607567837.0,95.0,62.71,56.2,-12.08,-12.08,1.94
kuusamo,649924.0,90.0,FI,1607567837.0,92.0,65.97,29.18,-4.0,-4.0,4.1
grafton,4938048.0,90.0,US,1607567837.0,80.0,42.21,-71.69,0.0,-0.43,6.2
sigayevo,493040.0,0.0,RU,1607567838.0,91.0,56.42,53.78,-11.54,-11.54,2.36
novikovo,487928.0,0.0,RU,1607567838.0,90.0,51.15,37.89,-7.63,-7.63,4.61
kaitangata,2208248.0,69.0,NZ,1607567838.0,74.0,-46.28,169.85,16.67,16.67,3.58
auki,2109701.0,95.0,SB,1607567838.0,74.0,-8.77,160.7,28.83,28.83,1.05
hithadhoo,1282256.0,92.0,MV,1607567839.0,69.0,-0.6,73.08,27.87,27.87,3.98
half moon bay,5354943.0,1.0,US,1607567839.0,58.0,37.46,-122.43,15.0,13.23,4.6
saint-orens-de-gameville,2977832.0,0.0,FR,1607567839.0,93.0,43.55,1.53,6.11,5.36,2.1
san patricio,4726521.0,40.0,US,1607567839.0,67.0,28.02,-97.52,16.11,14.97,4.1
duluth,5024719.0,1.0,US,1607567839.0,69.0,46.78,-92.11,3.0,2.45,1.5
sivaki,2016477.0,100.0,RU,1607567840.0,92.0,52.63,126.75,-16.62,-16.62,1.42
ponta do sol,2264557.0,40.0,PT,1607567840.0,72.0,32.67,-17.1,17.0,14.34,4.1
xicotencatl,3483063.0,0.0,MX,1607567840.0,57.0,23.02,-98.88,19.44,16.96,1.88
port hardy,6111862.0,90.0,CA,1607567840.0,100.0,50.7,-127.42,7.0,4.55,1.0
aklavik,5882953.0,100.0,CA,1607567840.0,76.0,68.22,-135.01,-21.0,-21.0,1.5
sao gabriel da cachoeira,3662342.0,38.0,BR,1607567841.0,92.0,-0.13,-67.09,23.44,23.44,0.73
gold coast,2165087.0,82.0,AU,1607567841.0,57.0,-28.0,153.43,28.33,27.83,5.7
norrtalje,2688250.0,100.0,SE,1607567841.0,86.0,59.76,18.7,6.67,4.23,3.13
cooma,2170577.0,90.0,AU,1607567842.0,59.0,-36.23,149.13,16.0,16.0,4.6
nuuk,3421319.0,42.0,GL,1607567811.0,62.0,64.18,-51.72,-6.0,-6.0,5.1
zaozerne,687726.0,74.0,UA,1607567842.0,88.0,45.16,33.28,7.12,7.12,4.1
tuy hoa,1563281.0,100.0,VN,1607567842.0,88.0,13.08,109.3,23.26,23.26,4.13
port elizabeth,964420.0,75.0,ZA,1607567843.0,93.0,-33.92,25.57,18.0,18.0,2.1
labelle,4161075.0,20.0,US,1607567843.0,93.0,26.76,-81.44,11.67,10.26,2.6
zhigalovo,2012532.0,100.0,RU,1607567843.0,85.0,54.81,105.16,-20.89,-20.89,2.22
mokshan,525659.0,4.0,RU,1607567844.0,40.0,53.44,44.61,-10.56,-10.56,2.8
flinders,6255012.0,62.0,AU,1607567844.0,62.0,-34.58,150.86,23.89,22.5,5.36
mount isa,2065594.0,100.0,AU,1607567844.0,7.0,-20.73,139.5,37.0,37.0,3.6
san quintin,3984997.0,99.0,MX,1607567844.0,83.0,30.48,-115.95,15.36,15.36,3.8
tomatlan,3981391.0,0.0,MX,1607567844.0,84.0,19.93,-105.25,21.32,21.32,1.11
sao joao da barra,3448903.0,100.0,BR,1607567726.0,89.0,-21.64,-41.05,22.87,22.87,0.57
thompson,6165406.0,75.0,CA,1607567845.0,85.0,55.74,-97.86,-8.0,-8.0,3.1
cumana,3644768.0,24.0,VE,1607567845.0,100.0,10.46,-64.18,20.0,20.0,4.6
mantua,3174050.0,97.0,IT,1607567845.0,98.0,45.17,10.78,6.11,5.73,0.45
lichinga,1043893.0,40.0,MZ,1607567586.0,93.0,-13.31,35.24,19.0,18.94,4.6
yerbogachen,2012956.0,100.0,RU,1607567846.0,88.0,61.28,108.01,-26.76,-26.76,1.49
padang,1633419.0,100.0,ID,1607567664.0,79.0,-0.95,100.35,26.02,26.02,3.14
mitsamiouli,921786.0,92.0,KM,1607567846.0,68.0,-11.38,43.28,27.62,27.62,3.17
egvekinot,4031742.0,100.0,RU,1607567847.0,96.0,66.32,-179.17,-14.45,-14.45,0.24
tuatapere,2180815.0,47.0,NZ,1607567847.0,83.0,-46.13,167.68,15.0,15.0,7.15
kruisfontein,986717.0,100.0,ZA,1607567847.0,97.0,-34.0,24.73,17.22,17.22,0.89
axim,2303611.0,27.0,GH,1607567847.0,88.0,4.87,-2.24,25.6,25.6,3.42
najran,103630.0,0.0,SA,1607567848.0,61.0,17.49,44.13,10.0,10.0,0.66
kampot,1831112.0,0.0,KH,1607567848.0,66.0,10.62,104.18,29.0,29.0,3.6
porto velho,3662762.0,40.0,BR,1607567849.0,94.0,-8.76,-63.9,25.0,25.0,0.5
kismayo,55671.0,100.0,SO,1607567849.0,80.0,-0.36,42.55,26.09,26.09,5.71
saint-joseph,6690296.0,90.0,RE,1607567849.0,78.0,-21.37,55.62,24.0,24.0,6.7
paita,3694112.0,99.0,PE,1607567559.0,81.0,-5.09,-81.11,20.29,20.29,3.49
banjarmasin,1650213.0,20.0,ID,1607567849.0,74.0,-3.32,114.59,29.0,29.0,2.6
nouadhibou,2377457.0,0.0,MR,1607567849.0,77.0,20.93,-17.03,17.0,17.0,9.3
verkh-chebula,1487599.0,100.0,RU,1607567850.0,89.0,56.03,87.62,-14.94,-14.94,5.16
leningradskiy,2123814.0,99.0,RU,1607567850.0,89.0,69.38,178.42,-16.97,-16.97,0.29
taltal,3870243.0,27.0,CL,1607567850.0,78.0,-25.4,-70.48,14.71,14.71,0.92
tawau,1734199.0,20.0,MY,1607567850.0,74.0,4.25,117.89,30.0,30.0,2.6
ondangwa,3354247.0,72.0,NA,1607567850.0,20.0,-17.92,15.95,23.68,23.68,3.39
meulaboh,1214488.0,46.0,ID,1607567851.0,74.0,4.14,96.13,28.41,28.41,2.91
naze,1855540.0,75.0,JP,1607567699.0,83.0,28.37,129.48,22.0,22.0,6.2
chuy,3443061.0,0.0,UY,1607567851.0,91.0,-33.7,-53.46,17.33,17.33,3.82
tasiilaq,3424607.0,0.0,GL,1607567852.0,52.0,65.61,-37.64,-9.0,-9.0,2.6
shu,1519030.0,56.0,KZ,1607567853.0,92.0,43.6,73.76,-8.76,-8.76,1.6
moshny,700730.0,3.0,UA,1607567854.0,93.0,49.51,31.75,-4.85,-4.85,3.81
wanning,1791779.0,100.0,CN,1607567849.0,89.0,18.8,110.4,21.63,21.63,5.59
alindao,240999.0,98.0,CF,1607567854.0,53.0,5.03,21.21,21.19,21.19,0.26
upernavik,3418910.0,100.0,GL,1607567854.0,95.0,72.79,-56.15,-4.71,-4.71,3.44
mariestad,2692613.0,100.0,SE,1607567854.0,86.0,58.71,13.82,3.0,2.46,4.1
lake cowichan,6048316.0,5.0,CA,1607567855.0,100.0,48.83,-124.05,4.44,3.98,1.0
yelkhovka,467819.0,0.0,RU,1607567857.0,77.0,53.87,50.28,-14.0,-14.0,3.0
port macquarie,2152659.0,84.0,AU,1607567857.0,39.0,-31.43,152.92,32.22,30.34,1.34
port pirie,2063030.0,100.0,AU,1607567858.0,47.0,-33.18,138.02,24.0,24.0,7.2
shaowu,1795857.0,97.0,CN,1607567858.0,71.0,27.34,117.48,15.28,15.28,1.48
kiama,2161515.0,75.0,AU,1607567858.0,76.0,-34.68,150.87,23.89,20.59,0.89
biak,1637001.0,75.0,ID,1607567858.0,79.0,-0.91,122.88,27.3,27.3,5.6
narsaq,3421719.0,0.0,GL,1607567859.0,33.0,60.92,-46.05,-2.0,-2.0,6.2
bakchar,1511057.0,100.0,RU,1607567859.0,94.0,57.02,82.07,-13.38,-13.38,3.75
talcahuano,3870282.0,0.0,CL,1607567859.0,82.0,-36.72,-73.12,14.0,14.0,6.7
khuchni,549175.0,74.0,RU,1607567859.0,92.0,41.95,47.95,-0.8,-0.8,1.56
high prairie,5975034.0,61.0,CA,1607567859.0,68.0,55.43,-116.49,-2.0,-2.0,2.6
jahanabad,1269557.0,90.0,IN,1607567860.0,82.0,25.22,84.98,15.0,15.0,1.5
tura,1254046.0,0.0,IN,1607567860.0,60.0,25.52,90.22,21.46,21.46,0.18
norsup,2135517.0,75.0,VU,1607567860.0,79.0,-16.07,167.38,30.0,30.0,4.6
camacari,3468031.0,40.0,BR,1607567860.0,74.0,-12.7,-38.32,27.0,27.0,6.2
hervey bay,2146219.0,4.0,AU,1607567860.0,50.0,-25.3,152.85,28.89,28.89,1.79
tadine,2138285.0,80.0,NC,1607567860.0,72.0,-21.55,167.88,27.85,27.85,6.81
victoria,1819729.0,62.0,HK,1607567845.0,74.0,22.29,114.16,22.22,20.17,2.2
shitanjing,1794971.0,0.0,CN,1607567697.0,84.0,39.23,106.34,-5.09,-5.09,4.8
cockburn town,3576994.0,75.0,TC,1607567861.0,64.0,21.46,-71.14,24.0,24.0,2.6
mazabuka,907111.0,100.0,ZM,1607567862.0,93.0,-15.86,27.75,19.06,19.06,2.25
esil,1524296.0,92.0,KZ,1607567862.0,96.0,51.96,66.4,-13.48,-13.48,0.95
santa cruz,3904906.0,40.0,BO,1607567662.0,94.0,-17.8,-63.17,20.0,20.0,4.6
coquimbo,3893629.0,26.0,CL,1607567596.0,87.0,-29.95,-71.34,14.0,14.0,2.1
kaeo,2189343.0,0.0,NZ,1607567863.0,57.0,-35.1,173.78,26.67,26.67,4.47
whitehorse,6180550.0,5.0,CA,1607567863.0,85.0,60.72,-135.05,-9.0,-10.65,3.1
batagay,2027044.0,23.0,RU,1607567863.0,76.0,67.63,134.63,-39.66,-39.66,1.3
talnakh,1490256.0,33.0,RU,1607567822.0,68.0,69.49,88.4,-27.0,-27.0,7.0
saint-augustin,6137462.0,100.0,CA,1607567863.0,92.0,51.23,-58.65,0.74,0.74,3.01
santa isabel do rio negro,3662489.0,5.0,BR,1607567864.0,90.0,-0.41,-65.02,23.54,23.54,0.37
ketchikan,5554428.0,75.0,US,1607567864.0,93.0,55.34,-131.65,4.0,4.0,7.7
carberry,5916706.0,90.0,CA,1607567864.0,93.0,49.87,-99.36,2.0,2.0,2.1
kathu,1153035.0,20.0,TH,1607567864.0,61.0,7.92,98.33,28.89,28.52,4.6
mareeba,2158767.0,75.0,AU,1607567864.0,83.0,-17.0,145.43,30.0,28.76,4.6
havre-saint-pierre,5972291.0,90.0,CA,1607567865.0,80.0,50.23,-63.6,-1.0,-1.0,3.6
kitimat,5993072.0,100.0,CA,1607567865.0,95.0,54.05,-128.65,1.11,1.11,0.19
grindavik,3416888.0,90.0,IS,1607567865.0,93.0,63.84,-22.43,2.0,2.0,11.8
huasahuasi,3939123.0,92.0,PE,1607567865.0,100.0,-11.32,-75.62,5.64,5.64,0.71
sangar,2017215.0,75.0,RU,1607567866.0,82.0,63.92,127.47,-38.31,-38.31,1.42
manzhouli,2035836.0,0.0,CN,1607567866.0,83.0,49.6,117.43,-14.16,-14.16,10.2
blumberg,2947584.0,79.0,DE,1607567636.0,94.0,47.84,8.53,-0.56,-1.41,0.89
blagoyevo,576093.0,36.0,RU,1607567866.0,89.0,63.37,47.92,-6.51,-6.51,3.47
smirnykh,2121126.0,100.0,RU,1607567866.0,88.0,49.75,142.83,-6.52,-6.52,0.6
alghero,3183284.0,20.0,IT,1607567694.0,57.0,40.56,8.32,11.0,11.0,4.1
abrau-dyurso,584365.0,75.0,RU,1607567867.0,87.0,44.69,37.59,7.0,6.84,3.0
abha,110690.0,0.0,SA,1607567867.0,52.0,18.22,42.51,10.0,8.93,0.82
divnoye,566155.0,0.0,RU,1607567867.0,96.0,45.91,43.35,-3.87,-3.87,5.65
prince rupert,6113406.0,1.0,CA,1607567654.0,86.0,54.32,-130.32,5.0,4.23,3.1
souillac,933995.0,75.0,MU,1607567868.0,88.0,-20.52,57.52,24.0,24.0,5.1
new norfolk,2155415.0,52.0,AU,1607567868.0,46.0,-42.78,147.06,17.78,15.69,1.79
araouane,2460954.0,61.0,ML,1607567868.0,25.0,18.9,-3.53,17.23,17.23,4.82
itoman,1861280.0,75.0,JP,1607567868.0,94.0,26.12,127.67,21.0,21.0,6.2
san diego de los banos,3540618.0,2.0,CU,1607567869.0,82.0,22.65,-83.37,14.93,14.93,1.39
shemonaikha,1519226.0,89.0,KZ,1607567869.0,94.0,50.63,81.91,-14.01,-14.01,1.65
marquette,5000950.0,0.0,US,1607567869.0,68.0,46.53,-87.63,4.44,3.74,1.34
prabumulih,1631393.0,84.0,ID,1607567869.0,72.0,-3.45,104.25,28.58,28.58,1.98
mar del plata,3430863.0,0.0,AR,1607567870.0,82.0,-38.0,-57.56,16.67,16.23,1.5
san cristobal,3628473.0,49.0,VE,1607567870.0,91.0,7.77,-72.22,18.32,18.32,0.55
launceston,2160517.0,30.0,AU,1607567870.0,31.0,-41.45,147.17,18.33,17.43,6.7
namibe,3347019.0,79.0,AO,1607567870.0,79.0,-15.2,12.15,18.11,18.11,3.52
maceio,3395981.0,20.0,BR,1607567871.0,88.0,-9.67,-35.74,23.0,23.0,1.5
antropovo,581456.0,0.0,RU,1607567871.0,87.0,58.4,43.01,-8.07,-8.07,1.58
ayr,2656708.0,100.0,GB,1607567871.0,81.0,55.46,-4.63,6.0,5.11,2.6
sakaraha,1057095.0,90.0,MG,1607567678.0,68.0,-22.9,44.53,22.86,22.86,4.06
klaksvik,2618795.0,100.0,FO,1607567872.0,87.0,62.23,-6.59,7.0,7.0,11.3
great falls,5655240.0,90.0,US,1607567872.0,80.0,47.5,-111.3,1.0,0.6,2.1
san carlos de bariloche,7647007.0,0.0,AR,1607567859.0,47.0,-41.15,-71.31,14.0,14.0,6.7
lichtenburg,982899.0,1.0,ZA,1607567872.0,71.0,-26.15,26.16,18.87,18.87,6.08
pisco,3932145.0,0.0,PE,1607567666.0,82.0,-13.7,-76.22,19.0,18.95,6.7
hami,1529484.0,1.0,CN,1607567874.0,84.0,42.8,93.45,-4.35,-4.35,1.17
guerrero negro,4021858.0,12.0,MX,1607567874.0,72.0,27.98,-114.06,17.86,17.86,3.93
preobrazheniye,2017658.0,0.0,RU,1607567874.0,76.0,42.9,133.91,2.08,2.08,3.11
benguela,3351663.0,50.0,AO,1607567874.0,81.0,-12.58,13.41,21.95,21.95,1.02
port-cartier,6111696.0,58.0,CA,1607567874.0,85.0,50.03,-66.87,-4.0,-4.79,1.5
sanand,1257486.0,22.0,IN,1607567617.0,72.0,22.98,72.38,17.0,17.0,2.5
carnarvon,2074865.0,55.0,AU,1607567875.0,69.0,-24.87,113.63,25.0,25.0,7.2
berlevag,780687.0,98.0,NO,1607567875.0,87.0,70.86,29.09,1.67,1.67,9.74
shingu,1847947.0,40.0,JP,1607567875.0,51.0,33.73,135.98,16.0,16.0,1.5
fairbanks,5861897.0,75.0,US,1607567684.0,84.0,64.84,-147.72,-10.56,-14.16,1.1
abu dhabi,292968.0,20.0,AE,1607567304.0,56.0,24.47,54.37,21.0,19.7,2.1
ancud,3899695.0,0.0,CL,1607567877.0,81.0,-41.87,-73.82,13.33,12.05,2.1
coahuayana,4013679.0,2.0,MX,1607567877.0,80.0,18.73,-103.68,23.22,23.22,0.8
grand-lahou,2288105.0,100.0,CI,1607567877.0,86.0,5.14,-5.02,25.96,25.96,3.4
cidreira,3466165.0,1.0,BR,1607567877.0,85.0,-30.18,-50.21,20.04,20.04,3.01
baykit,1510689.0,96.0,RU,1607567878.0,80.0,61.67,96.37,-32.67,-32.67,0.37
pascagoula,4440397.0,1.0,US,1607567646.0,87.0,30.37,-88.56,13.0,9.29,2.89
le pont-de-claix,3002585.0,51.0,FR,1607567878.0,84.0,45.12,5.71,0.0,-2.46,2.24
hambantota,1244926.0,40.0,LK,1607567577.0,94.0,6.12,81.12,26.0,26.0,1.5
lakes entrance,2160735.0,9.0,AU,1607567878.0,49.0,-37.88,147.98,18.33,18.33,4.02
artigas,3443758.0,0.0,UY,1607567878.0,61.0,-30.4,-56.47,18.72,18.72,3.85
komsomolsk,6559559.0,22.0,UA,1607567879.0,91.0,49.01,33.65,-3.97,-3.97,4.88
ahipara,2194098.0,0.0,NZ,1607567860.0,70.0,-35.17,173.17,20.99,20.99,5.26
mayo,4362001.0,1.0,US,1607567626.0,93.0,38.89,-76.51,3.0,1.76,3.21
el escorial,3110458.0,100.0,ES,1607567879.0,84.0,40.59,-4.15,6.11,5.74,3.77
hermitage,5193309.0,90.0,US,1607567879.0,74.0,41.23,-80.45,3.0,2.52,1.5
antibes,3037456.0,0.0,FR,1607567880.0,70.0,43.56,7.13,6.67,4.85,4.1
jurm,1139085.0,57.0,AF,1607567880.0,69.0,36.86,70.83,-1.33,-1.33,2.73
bamiantong,2038482.0,45.0,CN,1607567880.0,91.0,44.93,130.53,-5.18,-5.18,4.67
ewa beach,5855051.0,90.0,US,1607567743.0,69.0,21.32,-158.01,27.0,26.13,2.6
murray bridge,2065176.0,0.0,AU,1607567881.0,54.0,-35.12,139.27,21.67,20.93,4.47
lodwar,189280.0,36.0,KE,1607567881.0,49.0,3.12,35.6,25.87,25.87,1.93
kenai,5866063.0,20.0,US,1607567881.0,85.0,60.55,-151.26,-2.22,-4.38,4.6
deer lake,5937252.0,90.0,CA,1607567759.0,93.0,49.17,-57.43,2.0,1.84,2.1
mezhdurechensk,1498920.0,100.0,RU,1607567881.0,94.0,53.69,88.06,-12.49,-12.49,1.33
bathsheba,3374083.0,40.0,BB,1607567882.0,78.0,13.22,-59.52,26.0,26.0,5.1
hamza,1513650.0,96.0,UZ,1607567882.0,86.0,40.43,71.5,1.0,1.0,0.85
akyab,1295765.0,1.0,MM,1607567703.0,62.0,20.15,92.9,22.02,22.02,2.49
hamilton,4513583.0,1.0,US,1607567882.0,80.0,39.18,-84.53,5.56,4.07,1.18
salina,4278890.0,1.0,US,1607567865.0,52.0,38.84,-97.61,8.89,7.82,2.44
college,5859699.0,75.0,US,1607567796.0,84.0,64.86,-147.8,-12.78,-14.97,1.28
primorsko,727964.0,20.0,BG,1607567883.0,87.0,42.27,27.77,13.0,13.0,6.2
belle glade,4147241.0,12.0,US,1607567883.0,100.0,26.68,-80.67,11.0,9.8,2.28
banjar,1650232.0,20.0,ID,1607567883.0,66.0,-8.19,114.97,31.0,31.0,7.2
poum,2138555.0,54.0,NC,1607567884.0,75.0,-20.23,164.02,27.74,27.74,4.35
camiri,3922414.0,70.0,BO,1607567884.0,77.0,-20.05,-63.52,18.59,18.59,1.71
mao,2514301.0,61.0,ES,1607567884.0,76.0,39.89,4.27,10.0,10.0,3.6
lata,2738381.0,100.0,PT,1607567884.0,96.0,40.16,-8.33,12.22,12.22,2.24
karratha,6620339.0,73.0,AU,1607567840.0,58.0,-20.74,116.85,31.21,31.21,5.56
lima,3936456.0,75.0,PE,1607567674.0,88.0,-12.04,-77.03,19.0,18.94,5.7
chicama,3698359.0,98.0,PE,1607567885.0,80.0,-7.84,-79.15,20.24,20.24,2.02
fare,4034496.0,74.0,PF,1607567885.0,74.0,-16.7,-151.02,27.32,27.32,6.71
sayyan,70979.0,3.0,YE,1607567885.0,67.0,15.17,44.32,5.02,5.02,1.13
kuah,1222396.0,20.0,MY,1607567885.0,79.0,6.33,99.84,29.0,28.95,3.1
aksay,583673.0,0.0,RU,1607567886.0,73.0,47.26,39.87,-4.44,-4.67,9.0
honavar,1269976.0,0.0,IN,1607567886.0,67.0,14.28,74.45,26.88,26.88,2.55
longyan,1802276.0,60.0,CN,1607567886.0,56.0,25.11,117.02,22.22,22.22,0.93
songjianghe,2034691.0,4.0,CN,1607567886.0,85.0,42.19,127.48,-1.86,-1.86,3.98
choix,4014109.0,5.0,MX,1607567886.0,53.0,26.71,-108.32,21.65,21.65,1.46
kovdor,543508.0,86.0,RU,1607567887.0,96.0,67.57,30.48,-3.53,-3.53,5.95
fort nelson,5955902.0,75.0,CA,1607567887.0,92.0,58.81,-122.7,-12.0,-12.0,1.0
nome,5870133.0,1.0,US,1607567675.0,71.0,64.5,-165.41,-13.0,-13.0,8.7
chubbuck,5588842.0,1.0,US,1607567887.0,50.0,42.92,-112.47,0.0,-0.49,4.1
acapulco,3533462.0,40.0,MX,1607567888.0,78.0,16.86,-99.89,27.0,27.0,2.1
russell,4047434.0,1.0,US,1607567888.0,75.0,32.35,-85.2,12.0,9.03,1.27
viedma,3832899.0,0.0,AR,1607567888.0,69.0,-40.81,-63.0,16.11,16.11,0.45
khash,1160571.0,100.0,IR,1607567888.0,60.0,28.22,61.22,6.77,6.77,2.89
beloha,1067565.0,0.0,MG,1607567888.0,70.0,-25.17,45.05,22.08,22.08,4.54
mehamn,778707.0,100.0,NO,1607567888.0,89.0,71.04,27.85,2.25,2.25,9.58
salisbury,2638664.0,100.0,GB,1607567889.0,100.0,51.07,-1.8,7.0,6.53,6.7
saskylakh,2017155.0,100.0,RU,1607567889.0,86.0,71.92,114.08,-27.93,-27.93,6.79
koumac,2140558.0,50.0,NC,1607567889.0,71.0,-20.57,164.28,28.57,28.57,3.84
kang,933692.0,0.0,BW,1607567889.0,56.0,-23.68,22.79,23.33,23.33,3.34
itaituba,3397967.0,93.0,BR,1607567889.0,94.0,-4.28,-55.98,23.31,23.31,0.87
panama city,3703443.0,20.0,PA,1607567792.0,88.0,8.99,-79.52,26.0,25.51,3.1
thunder bay,6166142.0,90.0,CA,1607567866.0,80.0,48.4,-89.32,2.0,1.38,3.6
diu,1272502.0,100.0,IN,1607567830.0,45.0,20.71,70.98,25.76,25.76,3.34
katsuura,2112309.0,75.0,JP,1607567890.0,81.0,35.13,140.3,13.33,11.16,5.7
itarema,3393692.0,54.0,BR,1607567890.0,80.0,-2.92,-39.92,25.9,25.9,5.49
ouadda,236901.0,65.0,CF,1607567890.0,22.0,8.08,22.4,21.91,21.91,2.33
guaruja,3461789.0,20.0,BR,1607567891.0,77.0,-23.99,-46.26,20.0,19.39,3.1
gourcy,2360238.0,0.0,BF,1607567891.0,22.0,13.22,-2.35,23.17,23.17,5.55
richards bay,962367.0,90.0,ZA,1607567891.0,88.0,-28.78,32.04,22.13,22.13,1.64
cukai,1732945.0,20.0,MY,1607567891.0,74.0,4.25,103.42,29.0,28.94,3.1
kingisepp,548602.0,69.0,RU,1607567891.0,90.0,59.37,28.61,-3.96,-3.96,3.32
trincomalee,1226260.0,38.0,LK,1607567892.0,75.0,8.57,81.23,26.7,26.7,4.8
waipawa,2206874.0,100.0,NZ,1607567892.0,82.0,-41.41,175.52,18.33,18.16,2.1
karaton,1630058.0,20.0,ID,1607567892.0,66.0,-6.34,106.1,30.0,30.0,6.2
alamogordo,5454627.0,1.0,US,1607567644.0,24.0,32.9,-105.96,9.0,7.95,1.5
tigil,2120612.0,100.0,RU,1607567892.0,97.0,57.8,158.67,-8.23,-8.23,3.01
tambilil,1683602.0,20.0,PH,1607567893.0,55.0,5.96,124.67,31.0,31.0,2.6
sola,2134814.0,92.0,VU,1607567893.0,81.0,-13.88,167.55,28.09,28.09,6.98
metro,1635283.0,12.0,ID,1607567893.0,65.0,-5.11,105.31,29.85,29.85,1.13
saint george,5546220.0,1.0,US,1607567729.0,15.0,37.1,-113.58,11.0,10.47,1.02
lubango,3347762.0,51.0,AO,1607567893.0,31.0,-14.92,13.49,16.29,16.29,1.12
severo-kurilsk,2121385.0,93.0,RU,1607567894.0,89.0,50.68,156.12,-2.84,-2.84,9.98
vung tau,1562414.0,9.0,VN,1607567613.0,80.0,10.35,107.08,26.75,26.75,1.8
gejiu,1810240.0,55.0,CN,1607567894.0,90.0,23.31,103.16,10.4,10.4,2.26
katherine,2068655.0,75.0,AU,1607567894.0,52.0,-14.47,132.27,34.0,34.0,1.5
muros,3115824.0,100.0,ES,1607567894.0,94.0,42.78,-9.06,15.0,14.23,1.34
anamur,323828.0,75.0,TR,1607567895.0,87.0,36.08,32.84,14.0,14.0,2.6
cabo san lucas,3985710.0,90.0,MX,1607567895.0,73.0,22.89,-109.91,23.33,23.2,1.5
kyabe,2429344.0,100.0,TD,1607567895.0,23.0,9.45,18.94,22.3,22.3,1.78
adrar,2381972.0,94.0,MR,1607567895.0,31.0,20.5,-10.07,13.83,13.83,4.55
anadyr,2127202.0,20.0,RU,1607567895.0,92.0,64.75,177.48,-4.0,-4.0,5.0
tessalit,2449893.0,0.0,ML,1607567896.0,28.0,20.2,1.01,15.48,15.48,4.71
beringovskiy,2126710.0,78.0,RU,1607567896.0,95.0,63.05,179.32,-6.77,-6.77,1.53
daru,2098329.0,99.0,PG,1607567896.0,72.0,-9.08,143.21,29.37,29.37,3.64
kuryk,609919.0,1.0,KZ,1607567896.0,93.0,43.2,51.65,-3.33,-3.33,3.49
gisborne,2206854.0,0.0,NZ,1607567896.0,44.0,-38.65,178.0,27.22,27.22,4.92
qostanay,1519928.0,90.0,KZ,1607567827.0,100.0,53.17,63.58,-8.0,-8.0,3.0
grand gaube,934479.0,62.0,MU,1607567897.0,79.0,-20.01,57.66,25.0,25.0,3.58
port lincoln,2063036.0,29.0,AU,1607567897.0,61.0,-34.73,135.87,18.86,18.86,9.7
cururupu,3401148.0,100.0,BR,1607567601.0,84.0,-1.83,-44.87,25.51,25.51,2.52
lompoc,5367788.0,1.0,US,1607567897.0,50.0,34.64,-120.46,13.0,12.22,2.1
namatanai,2090021.0,83.0,PG,1607567898.0,70.0,-3.67,152.43,29.24,29.24,2.85
raga,368246.0,92.0,SS,1607567898.0,26.0,8.46,25.68,19.75,19.75,1.6
podor,2245170.0,100.0,MR,1607567898.0,22.0,16.65,-14.96,21.45,21.45,4.97
mitha tiwana,1170222.0,0.0,PK,1607567898.0,60.0,32.25,72.11,15.11,15.11,1.25
cap-chat,5915359.0,99.0,CA,1607567898.0,85.0,49.1,-66.68,-4.0,-4.0,3.1
lodhran,1171965.0,0.0,PK,1607567837.0,68.0,29.54,71.63,14.76,14.76,2.89
korla,1529376.0,0.0,CN,1607567755.0,87.0,41.76,86.15,-3.14,-3.14,0.27
bongandanga,218229.0,93.0,CD,1607567899.0,98.0,1.5,21.05,20.6,20.6,1.27
qasigiannguit,3420768.0,90.0,GL,1607567899.0,44.0,68.82,-51.19,-7.0,-7.0,3.6
xinmin,2033675.0,0.0,CN,1607567900.0,78.0,41.99,122.83,0.0,0.0,2.0
bosaso,64013.0,23.0,SO,1607567900.0,68.0,11.28,49.18,24.7,24.7,4.75
kenitra,2544571.0,75.0,MA,1607567900.0,100.0,34.26,-6.58,11.0,11.0,2.51
rio gallegos,3838859.0,75.0,AR,1607567901.0,71.0,-51.62,-69.22,13.0,13.0,1.0
ginda,1253628.0,72.0,IN,1607567901.0,39.0,30.69,78.49,11.9,11.9,1.51
samarai,2132606.0,62.0,PG,1607567901.0,69.0,-10.62,150.67,29.13,29.13,3.96
sioux lookout,6148373.0,90.0,CA,1607567901.0,98.0,50.1,-91.92,0.0,0.0,2.1
kasongo-lunda,2315026.0,100.0,CD,1607567901.0,93.0,-6.47,16.82,20.98,20.98,0.53
key west,4160812.0,1.0,US,1607567902.0,67.0,24.56,-81.78,17.78,17.21,4.1
manta,3654410.0,40.0,EC,1607567781.0,73.0,-0.95,-80.73,24.0,24.0,2.1
coruripe,3465329.0,60.0,BR,1607567902.0,81.0,-10.13,-36.18,24.85,24.85,6.01
quatre cocos,1106643.0,75.0,MU,1607567902.0,88.0,-20.21,57.76,25.0,24.52,5.1
la paz,3911925.0,75.0,BO,1607567705.0,81.0,-16.5,-68.15,8.0,8.0,4.1
jardim,3460087.0,10.0,BR,1607567903.0,50.0,-21.48,-56.14,21.45,21.45,0.82
katangli,2122783.0,100.0,RU,1607567903.0,90.0,51.71,143.23,-9.09,-9.09,1.11
progreso,3521108.0,0.0,MX,1607567635.0,63.0,21.28,-89.67,19.56,19.56,2.42
phangnga,1151464.0,20.0,TH,1607567903.0,61.0,8.45,98.53,28.0,28.0,4.6
bojnurd,140380.0,90.0,IR,1607567903.0,95.0,37.47,57.33,1.0,1.0,1.79
biala podlaska,776175.0,100.0,PL,1607567729.0,96.0,52.03,23.12,-0.89,-0.89,6.95
sumbe,3346015.0,92.0,AO,1607567904.0,79.0,-11.21,13.84,23.74,23.74,1.89
roma,5134295.0,90.0,US,1607567644.0,89.0,43.21,-75.46,2.22,1.32,3.6
tromso,6453316.0,75.0,NO,1607567904.0,86.0,69.65,18.96,3.0,2.29,5.7
maridi,370457.0,42.0,SS,1607567905.0,75.0,4.92,29.47,21.02,21.02,1.2
tocopilla,3869716.0,3.0,CL,1607567513.0,56.0,-22.09,-70.2,17.83,17.83,1.7
aksu,1529660.0,83.0,CN,1607567905.0,93.0,41.12,80.26,-4.01,-4.01,0.48
asau,686090.0,100.0,RO,1607567905.0,11.0,46.43,26.4,-0.56,-0.56,1.5
yulara,6355222.0,90.0,AU,1607567905.0,77.0,-25.24,130.99,19.0,19.0,7.2
olkhovatka,515539.0,0.0,RU,1607567905.0,89.0,50.28,39.29,-7.84,-7.84,4.89
puerto madryn,3840092.0,0.0,AR,1607567775.0,62.0,-42.77,-65.04,15.0,15.0,6.39
san alberto,3670242.0,99.0,CO,1607567906.0,78.0,7.76,-73.39,23.96,23.96,1.9
clyde river,5924351.0,90.0,CA,1607567906.0,92.0,70.47,-68.59,-11.0,-11.0,1.0
aktau,610612.0,0.0,KZ,1607567848.0,78.0,43.65,51.2,-12.0,-12.0,2.0
kalabo,915471.0,100.0,ZM,1607567906.0,85.0,-14.97,22.68,19.46,19.46,1.84
quelimane,1028434.0,0.0,MZ,1607567907.0,94.0,-17.88,36.89,23.0,22.89,1.0
basti,1276736.0,0.0,IN,1607567907.0,44.0,26.8,82.72,19.52,19.52,1.69
hegang,2036986.0,10.0,CN,1607567907.0,86.0,47.4,130.37,-8.12,-8.12,1.97
oskaloosa,4870239.0,1.0,US,1607567907.0,61.0,41.3,-92.64,8.0,7.36,1.54
ringkobing,2614776.0,100.0,DK,1607567908.0,80.0,56.09,8.24,4.44,3.89,3.55
avera,4231997.0,1.0,US,1607567908.0,76.0,33.19,-82.53,9.0,7.08,2.1
xingyi,1787599.0,100.0,CN,1607567908.0,89.0,24.19,102.82,11.13,11.13,1.84
opuwo,3354077.0,94.0,NA,1607567908.0,28.0,-18.06,13.84,17.71,17.71,0.5
jinji,1805515.0,69.0,CN,1607567909.0,56.0,23.23,110.83,17.38,17.38,2.77
muroto,1856392.0,20.0,JP,1607567909.0,59.0,33.28,134.15,17.0,17.0,1.0
meadow lake,5478673.0,1.0,US,1607567909.0,23.0,34.8,-106.54,5.0,3.28,2.6
astana,1526273.0,90.0,KZ,1607567824.0,92.0,51.18,71.45,-10.0,-10.0,2.0
bairiki,7601762.0,20.0,KI,1607567909.0,70.0,1.33,172.98,30.0,30.0,3.6
onega,515246.0,0.0,RU,1607567910.0,94.0,63.91,38.14,-2.81,-2.81,4.54
ibra,287832.0,0.0,OM,1607567910.0,89.0,22.69,58.53,14.72,14.72,0.72
port blair,1259385.0,75.0,IN,1607567910.0,65.0,11.67,92.75,27.84,27.84,4.27
salta,3838233.0,0.0,AR,1607567911.0,68.0,-24.79,-65.41,22.0,22.0,1.5
broome,5110365.0,90.0,US,1607567911.0,100.0,42.25,-75.83,1.67,0.49,4.1
trogir,3188763.0,93.0,HR,1607567911.0,76.0,43.51,16.25,9.0,8.26,2.1
bodhan,1275391.0,34.0,IN,1607567911.0,55.0,18.67,77.9,21.41,21.41,1.14
mazagao,3395042.0,40.0,BR,1607567912.0,100.0,-0.12,-51.29,25.0,25.0,1.0
dafeng,1814435.0,97.0,CN,1607567912.0,57.0,23.45,108.59,15.84,15.84,2.22
kupang,2057087.0,40.0,ID,1607567815.0,59.0,-10.17,123.58,32.0,32.0,6.2
jinchang,1805733.0,0.0,CN,1607567912.0,76.0,38.5,102.17,-3.43,-3.43,0.35
yarada,1252783.0,0.0,IN,1607567912.0,88.0,17.65,83.27,19.0,19.0,1.0
bardsir,124647.0,92.0,IR,1607567913.0,86.0,29.92,56.57,4.0,4.0,2.1
vostok,2013279.0,90.0,RU,1607567913.0,95.0,46.49,135.88,-7.55,-7.55,1.61
sagarejo,612230.0,90.0,GE,1607567913.0,100.0,41.73,45.33,1.0,1.0,0.57
paamiut,3421193.0,0.0,GL,1607567722.0,73.0,61.99,-49.67,-2.9,-2.9,1.85
bubaque,2374583.0,0.0,GW,1607567914.0,57.0,11.28,-15.83,27.5,27.5,5.64
faya,110690.0,0.0,SA,1607567914.0,52.0,18.39,42.45,10.0,9.0,0.74
codrington,2171099.0,0.0,AU,1607567914.0,58.0,-38.27,141.97,14.96,14.96,8.46
buraydah,107304.0,0.0,SA,1607567914.0,100.0,26.33,43.98,12.0,12.0,4.1
wanaka,2184707.0,60.0,NZ,1607567915.0,38.0,-44.7,169.15,21.3,21.3,3.24
deputatskiy,2028164.0,37.0,RU,1607567915.0,84.0,69.3,139.9,-36.34,-36.34,1.0
clarksville,4613868.0,1.0,US,1607567664.0,61.0,36.53,-87.36,8.0,7.55,1.98
cabedelo,3404558.0,20.0,BR,1607567915.0,83.0,-6.98,-34.83,25.0,25.0,2.6
mandera,187896.0,95.0,KE,1607567916.0,56.0,3.94,41.87,23.9,23.9,2.16
sosnovo-ozerskoye,2016216.0,1.0,RU,1607567916.0,82.0,52.52,111.54,-20.19,-20.19,9.02
sobolevo,525426.0,0.0,RU,1607567916.0,91.0,54.43,31.9,-6.92,-6.92,4.75
ganta,2277197.0,35.0,LR,1607567917.0,99.0,7.3,-8.53,20.83,20.83,0.93
awbari,2219235.0,67.0,LY,1607567917.0,43.0,26.59,12.78,11.1,11.1,2.81
vila franca do campo,3372472.0,75.0,PT,1607567917.0,93.0,37.72,-25.43,16.0,16.0,4.6
nanchong,1800146.0,89.0,CN,1607567917.0,73.0,30.8,106.08,10.75,10.75,2.06
brownwood,4676798.0,1.0,US,1607567917.0,45.0,31.71,-98.99,8.0,8.0,3.69
lensk,2020838.0,98.0,RU,1607567918.0,86.0,60.73,114.93,-27.07,-27.07,0.92
maxixe,1039536.0,0.0,MZ,1607567888.0,82.0,-23.86,35.35,21.5,21.5,2.07
viterbo,3164038.0,78.0,IT,1607567919.0,94.0,42.42,12.08,7.22,6.45,0.45
claremont,5337696.0,1.0,US,1607567778.0,27.0,34.1,-117.72,17.22,15.78,4.6
black forest,5414069.0,1.0,US,1607567919.0,18.0,39.01,-104.7,4.44,1.7,5.7
tulun,2014927.0,99.0,RU,1607567920.0,86.0,54.56,100.58,-18.15,-18.15,2.46
livada,674679.0,100.0,RO,1607567920.0,93.0,47.87,23.13,6.11,6.08,3.1
hualmay,3939761.0,100.0,PE,1607567920.0,85.0,-11.1,-77.61,19.38,19.38,4.0
marsa matruh,352733.0,0.0,EG,1607567658.0,71.0,31.35,27.25,11.0,11.0,4.63
bihoro,2127383.0,75.0,JP,1607567920.0,59.0,43.82,144.1,3.33,2.56,0.5
belmonte,3470137.0,20.0,BR,1607567863.0,83.0,-15.86,-38.88,24.0,24.0,3.1
sibu,1735902.0,40.0,MY,1607567921.0,83.0,2.3,111.82,28.0,27.86,1.0
pendleton,5745380.0,1.0,US,1607567921.0,75.0,45.67,-118.79,5.56,4.37,3.6
bela,1276574.0,0.0,IN,1607567921.0,49.0,25.93,81.98,20.48,20.48,2.12
stykkisholmur,3412888.0,100.0,IS,1607567921.0,94.0,65.08,-22.73,0.74,0.74,6.81
amapa,3407762.0,40.0,BR,1607567921.0,98.0,1.0,-52.0,22.43,22.43,1.15
tazovskiy,1489853.0,63.0,RU,1607567922.0,90.0,67.47,78.7,-24.29,-24.29,4.37
isangel,2136825.0,98.0,VU,1607567922.0,72.0,-19.55,169.27,28.55,28.55,7.08
pingdingshan,1798827.0,28.0,CN,1607567922.0,47.0,33.74,113.3,9.72,9.72,3.81
teguise,2510573.0,0.0,ES,1607567922.0,72.0,29.06,-13.56,18.0,18.0,5.7
mikhaylovka,527012.0,0.0,RU,1607567922.0,92.0,50.06,43.24,-10.09,-10.09,3.08
bowen,2174444.0,38.0,AU,1607567923.0,58.0,-20.02,148.23,30.0,30.0,8.7
dawlatabad,1142226.0,67.0,AF,1607567923.0,95.0,36.41,64.91,0.09,0.09,0.36
khasan,2039557.0,0.0,RU,1607567923.0,76.0,42.43,130.64,1.86,1.86,1.87
atambua,1651103.0,100.0,ID,1607567923.0,59.0,-9.11,124.89,30.06,30.06,2.59
colchester,2652618.0,97.0,GB,1607567691.0,93.0,51.89,0.9,6.67,6.15,3.6
kazerun,128321.0,0.0,IR,1607567924.0,54.0,29.62,51.65,9.42,9.42,0.68
marsh harbour,3571913.0,0.0,BS,1607567717.0,56.0,26.54,-77.06,19.23,19.23,2.57
pitimbu,3391889.0,20.0,BR,1607567924.0,83.0,-7.47,-34.81,25.0,25.0,2.6
pedraza,3672633.0,100.0,CO,1607567924.0,90.0,10.19,-74.92,24.62,24.62,2.69
novyy urengoy,1496511.0,100.0,RU,1607567925.0,93.0,66.08,76.63,-16.79,-16.79,7.68
